City ID,City,Cloudiness,Country,Date,Humidity,Lat,Long,Max Temp,Wind Speed
0,Mackay,40,AU,1600301117,73,-21.15,149.2,24.44,7.2
1,Isangel,40,VU,1600301117,57,-19.55,169.27,27.0,5.1
2,Busselton,0,AU,1600301117,72,-33.65,115.33,11.11,2.68
3,Ushuaia,40,AR,1600301052,64,-54.8,-68.3,4.0,8.2
4,Santiago del Estero,33,AR,1600301117,36,-27.8,-64.26,21.09,3.69
5,Itarema,10,BR,1600301118,80,-2.92,-39.92,25.71,6.97
6,Barrow,90,US,1600301118,87,71.29,-156.79,8.0,5.1
7,Chokurdakh,94,RU,1600301118,79,70.63,147.92,5.07,1.3
8,Vestmanna,100,FO,1600301118,81,62.16,-7.17,10.0,7.2
9,Butaritari,44,KI,1600301118,71,3.07,172.79,28.39,8.74
10,Balaipungut,100,ID,1600301118,95,1.05,101.28,24.63,0.98
11,Albany,12,US,1600301104,59,42.6,-73.97,18.33,2.52
12,Erzin,5,TR,1600301118,87,36.96,36.2,27.22,0.37
13,Bari,96,IT,1600301119,83,41.12,16.85,23.89,2.1
14,Rio Grande,36,BR,1600301119,93,-32.03,-52.1,14.46,3.79
15,Leningradskiy,100,RU,1600301119,93,69.38,178.42,2.56,7.07
16,Port Elizabeth,1,ZA,1600301119,76,-33.92,25.57,14.0,6.7
17,San Quintín,0,MX,1600301119,29,30.48,-115.95,30.97,8.02
18,Manzhouli,89,CN,1600301119,69,49.6,117.43,10.62,7.55
19,Avera,90,US,1600301119,94,33.19,-82.53,21.0,4.1
20,Santa Vitória do Palmar,59,BR,1600301120,93,-33.52,-53.37,11.62,2.62
21,Hargeisa,11,SO,1600301120,59,9.56,44.06,22.8,8.21
22,Chui,47,UY,1600301120,94,-33.7,-53.46,11.35,2.73
23,Udachny,29,RU,1600301120,57,66.42,112.4,9.0,2.0
24,Mataura,100,NZ,1600301120,94,-46.19,168.86,8.33,7.6
25,Provincia di Rimini,22,IT,1600301120,68,44.02,12.52,22.78,1.5
26,Athabasca,5,CA,1600301120,59,54.72,-113.29,15.65,0.74
27,Mar del Plata,90,AR,1600301105,87,-38.0,-57.56,9.0,2.6
28,Beloha,0,MG,1600301121,93,-25.17,45.05,17.75,1.82
29,Puerto Ayora,67,EC,1600301121,90,-0.74,-90.35,19.44,2.68
30,Hobart,20,AU,1600300833,57,-42.88,147.33,10.0,6.2
31,Phang Nga,75,TH,1600300927,78,8.45,98.53,27.0,5.1
32,Saint George,1,US,1600301083,7,37.1,-113.58,37.78,2.1
33,Palmer,75,US,1600301121,59,42.16,-72.33,19.0,3.6
34,Bredasdorp,33,ZA,1600301121,87,-34.53,20.04,11.0,2.6
35,Provideniya,90,RU,1600301121,76,64.38,-173.3,11.0,2.0
36,Turkmenabat,0,TM,1600301121,45,39.07,63.58,17.0,2.1
37,New Norfolk,64,AU,1600301121,60,-42.78,147.06,11.11,0.89
38,Norman Wells,75,CA,1600301122,57,65.28,-126.83,10.0,2.6
39,Bethel,0,US,1600300850,86,41.37,-73.41,16.67,2.94
40,San Cristobal,40,VE,1600301122,61,7.77,-72.22,27.0,1.5
41,Saldanha,45,ZA,1600301122,87,-33.01,17.94,13.0,1.0
42,Avarua,34,CK,1600301122,65,-21.21,-159.78,26.0,3.1
43,Paamiut,100,GL,1600301122,85,61.99,-49.67,4.36,5.76
44,Kiryat Gat,0,IL,1600301122,78,31.61,34.76,27.22,0.74
45,Rikitea,12,PF,1600301122,78,-23.12,-134.97,23.19,4.11
46,Cherskiy,98,RU,1600301122,79,68.75,161.3,5.22,6.28
47,Hasaki,75,JP,1600301123,88,35.73,140.83,25.0,2.1
48,Bluff,100,NZ,1600300938,94,-46.6,168.33,8.33,7.6
49,Lagoa,98,PT,1600301123,72,39.05,-27.98,19.21,7.46
50,Port Alfred,3,ZA,1600301123,75,-33.59,26.89,14.71,7.66
51,Biak,93,ID,1600301123,67,-0.91,122.88,25.07,2.45
52,Namatanai,19,PG,1600301123,67,-3.67,152.43,29.72,3.56
53,Half Moon Bay,90,US,1600301123,83,37.46,-122.43,26.67,5.1
54,Jardim,23,BR,1600301123,31,-21.48,-56.14,27.96,0.27
55,Tuktoyaktuk,75,CA,1600301125,70,69.45,-133.04,8.0,5.1
56,Soyo,51,AO,1600301125,85,-6.13,12.37,23.02,4.12
57,Xichang,99,CN,1600301125,81,27.9,102.26,17.3,1.3
58,Punta Arenas,75,CL,1600301125,80,-53.15,-70.92,5.0,4.1
59,La Providencia,6,MX,1600301125,27,28.72,-111.58,42.78,3.58
60,Hermanus,16,ZA,1600301125,95,-34.42,19.23,11.11,3.44
61,Ullapool,85,GB,1600301125,95,57.9,-5.16,9.44,0.45
62,Lebu,51,CL,1600301125,85,-37.62,-73.65,10.65,0.77
63,Codrington,100,AU,1600301126,89,-38.27,141.97,11.89,6.6
64,Muncie,1,US,1600301126,40,40.19,-85.39,23.0,1.28
65,Dingle,100,PH,1600301126,92,11.0,122.67,24.9,2.94
66,Dikson,92,RU,1600301126,96,73.51,80.55,5.93,1.74
67,Port Hedland,0,AU,1600301126,69,-20.32,118.57,26.0,4.6
68,Drezdenko,77,PL,1600301126,73,52.84,15.83,17.22,0.89
69,Port Lincoln,100,AU,1600301126,95,-34.73,135.87,13.53,9.2
70,Ponta do Sol,40,PT,1600301126,64,32.67,-17.1,20.0,2.6
71,Saint Paul Harbor,75,US,1600301127,81,57.79,-152.41,12.0,4.6
72,Mezhdurechenskiy,100,RU,1600301127,96,59.6,65.93,9.44,2.57
73,São Félix do Xingu,1,BR,1600301127,32,-6.64,-51.99,26.36,0.41
74,El Alto,40,PE,1600301127,82,-4.27,-81.21,19.0,7.2
75,Chiriguaná,95,CO,1600301127,88,9.36,-73.6,25.09,0.67
76,Kaitangata,100,NZ,1600301127,74,-46.28,169.85,11.11,4.47
77,Karaidel',100,RU,1600301127,92,55.83,56.91,9.59,6.01
78,Cape Town,40,ZA,1600301049,93,-33.93,18.42,11.11,2.6
79,Henties Bay,0,NA,1600301128,89,-22.12,14.28,10.56,2.57
80,Sept-Îles,90,CA,1600301128,100,50.2,-66.38,8.33,3.1
81,Grand Gaube,89,MU,1600301128,80,-20.01,57.66,18.89,2.68
82,Atar,10,MR,1600301128,18,20.52,-13.05,35.7,1.47
83,Sinnamary,98,GF,1600301128,86,5.38,-52.95,26.3,4.22
84,Vaini,40,TO,1600301128,64,-21.2,-175.2,24.0,6.2
85,Aykhal,48,RU,1600301128,57,66.0,111.5,9.0,2.0
86,Vrangel',95,RU,1600301128,89,42.73,133.08,16.63,6.08
87,Tautira,40,PF,1600301129,66,-17.73,-149.15,29.0,5.1
88,Padang,96,ID,1600300833,75,-0.95,100.35,25.53,1.44
89,Tasiilaq,100,GL,1600301129,95,65.61,-37.64,4.0,4.6
90,Yellowknife,20,CA,1600301129,55,62.46,-114.35,9.44,3.1
91,Atuona,1,PF,1600301129,75,-9.8,-139.03,25.81,8.85
92,Jamestown,1,US,1600300989,68,42.1,-79.24,20.56,3.6
93,Pochutla,40,MX,1600301129,70,15.74,-96.47,30.0,5.1
94,Nanortalik,98,GL,1600301130,85,60.14,-45.24,4.16,8.65
95,Ismailia,0,EG,1600301130,91,30.6,32.27,23.47,1.65
96,Hilo,90,US,1600301061,61,19.73,-155.09,28.0,4.6
97,Porbandar,99,IN,1600301130,76,21.64,69.61,27.41,3.45
98,Amahai,44,ID,1600301130,79,-3.33,128.92,26.49,0.91
99,Tortolì,0,IT,1600301130,60,39.93,9.66,23.0,6.2
100,Pisco,87,PE,1600301130,82,-13.7,-76.22,17.22,8.7
101,Carutapera,6,BR,1600301131,81,-1.2,-46.02,25.68,3.67
102,Tabou,98,CI,1600301131,89,4.42,-7.35,24.02,5.66
103,East London,17,ZA,1600301131,62,-33.02,27.91,16.41,7.24
104,Sola,88,VU,1600301131,78,-13.88,167.55,26.36,10.23
105,Mount Isa,3,AU,1600301131,23,-20.73,139.5,28.0,4.1
106,Kristinehamn,0,SE,1600301131,65,59.31,14.11,9.0,5.1
107,Zhaoyuan,81,CN,1600301131,75,37.36,120.4,20.56,3.21
108,Ancud,100,CL,1600301131,95,-41.87,-73.82,10.65,10.28
109,Byron Bay,0,AU,1600301132,60,-28.65,153.62,22.78,1.0
110,Puerto Escondido,75,MX,1600301113,58,15.85,-97.07,30.0,3.6
111,Okha,95,RU,1600301132,67,53.57,142.95,14.06,4.37
112,George Town,20,MY,1600301101,94,5.41,100.34,26.0,1.0
113,Kachīry,53,KZ,1600301132,43,53.07,76.1,11.71,6.09
114,Popondetta,81,PG,1600301132,80,-8.75,148.25,28.47,0.37
115,Kulhudhuffushi,48,MV,1600300967,76,6.62,73.07,27.73,5.04
116,Pitanga,96,BR,1600301018,72,-24.76,-51.76,19.37,1.69
117,Sitka,40,US,1600301043,71,57.05,-135.33,14.0,1.44
118,Stann Creek Town,20,BZ,1600301132,74,16.97,-88.23,31.0,3.1
119,Wagar,65,SD,1600301132,49,16.15,36.2,28.19,6.51
120,Olafsvik,56,IS,1600301133,84,64.89,-23.71,9.8,10.37
121,Umm Kaddadah,6,SD,1600301133,41,13.6,26.69,31.23,4.6
122,Marion,90,US,1600301100,46,39.77,-86.16,24.0,2.6
123,Broken Hill,90,AU,1600300996,23,-31.95,141.43,24.0,5.1
124,Stary Krym,0,UA,1600301133,74,45.03,35.1,16.35,1.73
125,Esperance,75,AU,1600301133,100,-33.87,121.9,11.0,8.2
126,Port Hardy,75,CA,1600300867,73,50.7,-127.42,21.0,1.0
127,Klaksvík,100,FO,1600301133,81,62.23,-6.59,10.0,7.2
128,Arlit,70,NE,1600301133,31,18.74,7.39,33.06,7.03
129,Ilulissat,95,GL,1600301134,93,69.22,-51.1,3.0,2.6
130,Sangar,1,RU,1600301134,60,63.92,127.47,8.58,1.08
131,Smithers,40,CA,1600301134,55,54.78,-127.17,19.0,1.0
132,Kysyl-Syr,0,RU,1600301134,72,63.9,122.76,8.14,0.98
133,Nong Khai,17,TH,1600300926,85,17.88,102.74,26.04,1.02
134,Kismayo,24,SO,1600301134,81,-0.36,42.55,25.09,5.63
135,Takaka,98,NZ,1600301134,82,-40.85,172.8,15.0,6.26
136,Nizwá,4,OM,1600301135,38,22.93,57.53,26.91,1.04
137,Maniwaki,95,CA,1600301135,93,46.38,-75.97,13.65,5.01
138,Tighnabruaich,67,GB,1600301135,88,55.9,-5.24,11.11,3.34
139,Gray,1,US,1600301135,32,35.42,-100.8,28.0,3.6
140,Auki,100,SB,1600301135,72,-8.77,160.7,29.32,4.18
141,Nikolskoye,90,RU,1600301135,87,59.7,30.79,15.0,4.0
142,Torbay,75,CA,1600301135,66,47.67,-52.73,10.0,4.6
143,Ixtapa,75,MX,1600300840,79,20.7,-105.2,29.0,1.5
144,Longyearbyen,75,SJ,1600301032,69,78.22,15.64,1.0,8.2
145,Severo-Kuril'sk,80,RU,1600301136,90,50.68,156.12,13.18,5.04
146,Wad Medani,97,SD,1600301136,71,14.4,33.52,26.22,8.59
147,Øksfjord,92,NO,1600301136,75,70.24,22.35,7.0,3.6
148,Marsá Maţrūḩ,0,EG,1600301136,78,31.35,27.25,25.0,1.43
149,Iqaluit,75,CA,1600301136,80,63.75,-68.51,1.0,2.1
150,Hithadhoo,82,MV,1600301136,77,-0.6,73.08,27.84,5.47
151,Mirny,40,RU,1600301136,75,62.54,113.96,8.0,1.0
152,Sandovo,100,RU,1600301137,81,58.46,36.41,11.09,5.65
153,Tsumeb,0,NA,1600301137,19,-19.23,17.72,19.48,3.72
154,Chapais,90,CA,1600301137,100,49.78,-74.85,8.0,3.1
155,Jalu,0,LY,1600301137,56,29.03,21.55,26.26,4.57
156,Kapaa,40,US,1600301137,58,22.08,-159.32,31.0,4.6
157,Mossamedes,0,AO,1600301137,72,-15.2,12.15,16.42,4.56
158,Baruun-Urt,94,MN,1600301137,66,46.68,113.28,9.07,6.05
159,Khatanga,60,RU,1600301137,85,71.97,102.5,8.73,2.07
160,Assiut,0,EG,1600301138,54,27.18,31.18,26.0,2.1
161,Tapiramutá,29,BR,1600301138,87,-11.85,-40.79,17.63,2.74
162,Arraial do Cabo,48,BR,1600301138,83,-22.97,-42.03,23.0,5.1
163,Qaanaaq,0,GL,1600301138,77,77.48,-69.36,-8.63,2.33
164,São Filipe,9,CV,1600301138,82,14.9,-24.5,26.98,1.28
165,Mudgee,3,AU,1600301138,72,-32.59,149.59,21.11,1.5
166,Juba,3,SS,1600301138,81,4.85,31.58,21.96,0.91
167,Januária,8,BR,1600301138,37,-15.48,-44.37,22.75,0.85
168,Alofi,75,NU,1600301139,78,-19.06,-169.92,25.0,10.3
169,Hamilton,1,US,1600300952,73,39.18,-84.53,22.78,2.1
170,Bataiporã,51,BR,1600300999,35,-22.3,-53.27,26.47,1.76
171,Kapit,100,MY,1600301139,92,2.02,112.93,22.97,0.85
172,Faanui,1,PF,1600301139,77,-16.48,-151.75,26.02,7.33
173,Camanducaia,54,BR,1600300902,60,-22.76,-46.14,23.0,6.7
174,Tornio,75,FI,1600301139,87,65.85,24.15,7.0,8.2
175,Kargasok,33,RU,1600301139,94,59.06,80.86,7.04,4.51
176,Samarai,60,PG,1600301139,85,-10.62,150.67,26.72,6.38
177,Honningsvåg,58,NO,1600301140,64,70.98,25.97,7.91,6.65
178,Narsaq,100,GL,1600301140,81,60.92,-46.05,7.0,4.1
179,Morón,46,AR,1600301140,73,-34.65,-58.62,14.44,1.43
180,Sibu,40,MY,1600301140,94,2.3,111.82,22.0,3.1
181,Bariloche,40,AR,1600301140,75,-41.15,-71.31,6.0,13.9
182,Husavik,40,IS,1600301140,71,66.04,-17.34,11.0,11.8
183,Zhicheng,100,CN,1600301140,92,30.3,111.5,20.0,2.09
184,Birin,83,NP,1600301140,100,26.89,88.07,16.66,1.14
185,Acaraú,7,BR,1600301141,81,-2.89,-40.12,25.56,7.05
186,Te Anau,100,NZ,1600301141,89,-45.42,167.72,8.48,3.1
187,Liberty,90,US,1600301141,94,31.83,-81.5,23.0,4.1
188,Chimichagua,88,CO,1600300955,89,9.26,-73.81,25.31,1.15
189,Zlatibor,89,RS,1600301141,72,43.72,19.7,17.0,1.0
190,Linqiong,40,CN,1600301141,100,30.42,103.46,19.44,2.44
191,Ust-Maya,0,RU,1600301141,60,60.42,134.53,9.29,1.43
192,Mayo,1,US,1600301142,77,38.89,-76.51,21.0,2.6
193,Zenzeli,1,RU,1600301142,41,45.92,47.05,12.46,1.97
194,Carnarvon,0,AU,1600301142,59,-24.87,113.63,16.0,5.1
195,Saint-Pierre,29,RE,1600301142,63,-21.34,55.48,18.0,2.6
196,Zhigansk,29,RU,1600301142,69,66.77,123.37,7.75,2.68
197,Tambacounda,82,SN,1600301142,84,13.75,-13.76,26.8,4.46
198,Saint-Philippe,33,RE,1600301142,63,-21.36,55.77,18.0,2.6
199,Nyurba,12,RU,1600301142,82,63.28,118.33,8.2,1.41
200,Harstad,94,NO,1600301143,93,68.8,16.53,2.22,4.1
201,Karratha,13,AU,1600300863,24,-20.74,116.85,28.68,3.03
202,Qurayyat,21,SA,1600301143,37,31.33,37.34,29.0,7.2
203,Saskylakh,99,RU,1600301143,73,71.92,114.08,9.92,3.73
204,Zaraza,63,VE,1600301143,96,9.35,-65.32,24.02,2.01
205,Tiksi,98,RU,1600301143,83,71.69,128.87,7.37,5.28
206,Villacarrillo,100,ES,1600301143,46,38.12,-3.08,25.0,0.81
207,City of San Pedro,75,PH,1600301143,83,14.35,121.02,28.33,4.1
208,Filingué,93,NE,1600301143,64,14.35,3.32,28.38,5.12
209,Mahébourg,75,MU,1600301144,93,-20.41,57.7,18.0,3.1
210,Markova,56,UA,1600301144,55,48.68,24.41,16.28,2.44
211,Rodolfo Sánchez Taboada,0,MX,1600301144,70,31.72,-116.57,25.56,0.89
212,Azul,3,AR,1600301144,76,-36.78,-59.86,10.84,2.39
213,La Rioja,98,ES,1600301144,60,42.25,-2.5,21.0,0.5
214,Banamba,99,ML,1600301145,77,13.55,-7.45,22.4,4.29
215,Kavieng,29,PG,1600301145,76,-2.57,150.8,29.37,6.6
216,Manosque,0,FR,1600301146,94,43.83,5.79,15.56,2.04
217,Castro,73,BR,1600301146,61,-24.79,-50.01,20.93,2.68
218,Alice Springs,57,AU,1600300851,20,-23.7,133.88,28.0,8.2
219,Greer,90,US,1600300903,73,34.94,-82.23,21.67,4.6
220,Hong Kong,61,HK,1600301129,88,22.29,114.16,28.33,8.98
221,Shetpe,3,KZ,1600301146,48,44.17,52.12,12.11,2.93
222,Złotów,81,PL,1600301146,80,53.36,17.04,15.0,1.34
223,Gashua,98,NG,1600301146,63,12.87,11.05,27.17,4.97
224,Bauchi,34,NG,1600301146,91,10.5,10.0,21.66,2.93
225,Baykit,47,RU,1600301147,79,61.67,96.37,8.01,1.89
226,Katsuura,82,JP,1600301147,83,35.13,140.3,26.11,1.81
227,Guerrero Negro,55,MX,1600301147,41,27.98,-114.06,29.72,7.3
228,Shimoda,75,JP,1600301147,88,34.67,138.95,25.0,1.5
229,La Romana,40,DO,1600300925,83,18.43,-68.97,29.0,2.6
230,Kirakira,69,SB,1600301147,73,-10.45,161.92,29.02,9.04
231,Linköping,0,SE,1600301147,65,58.41,15.62,8.89,5.1
232,Fort Nelson,75,CA,1600301147,54,58.81,-122.7,13.0,2.1
233,Aklavik,90,CA,1600301147,81,68.22,-135.01,8.0,5.1
234,Constitución,0,CL,1600301148,86,-35.33,-72.42,11.92,5.62
235,Umm Hājar,0,TD,1600300853,65,13.3,19.7,27.64,3.59
236,Riviere-au-Renard,90,CA,1600301148,71,49.0,-64.4,14.0,7.12
237,Porto Belo,75,BR,1600301148,93,-27.16,-48.55,20.0,2.74
238,Tuatapere,100,NZ,1600301148,94,-46.13,167.68,8.33,7.6
239,Ipirá,65,BR,1600301148,82,-12.16,-39.74,20.39,4.62
240,Nelson Bay,0,AU,1600301148,49,-32.72,152.15,25.0,5.7
241,Salalah,75,OM,1600301149,88,17.02,54.09,27.0,3.1
242,Nsukka,75,NG,1600301150,94,6.86,7.39,24.0,2.15
243,Belaya Gora,100,RU,1600301150,86,68.53,146.42,5.79,2.58
244,Airai,99,TL,1600301150,46,-8.93,125.41,21.13,0.66
245,Fortuna,20,US,1600301150,69,40.6,-124.16,24.0,6.2
246,Asău,0,RO,1600301150,87,46.43,26.4,13.33,1.62
247,Lexington,1,US,1600300865,73,37.99,-84.48,24.0,1.5
248,Bathsheba,20,BB,1600301150,74,13.22,-59.52,28.0,3.1
249,Bahía Honda,99,CU,1600301150,84,22.9,-83.16,27.46,0.37
250,Ribeira Grande,94,PT,1600301151,64,38.52,-28.7,19.29,6.26
251,Jakar,78,BT,1600301151,75,27.55,90.75,12.77,0.42
252,Vestmannaeyjar,100,IS,1600301151,91,63.44,-20.27,11.01,6.79
253,Vágur,100,FO,1600301151,86,61.47,-6.81,10.29,10.9
254,Magaria,82,NE,1600301151,67,13.0,8.91,26.77,5.54
255,Ararat,0,AM,1600301151,43,39.83,44.7,22.0,2.1
256,Talaya,100,RU,1600301151,80,61.38,152.75,4.28,3.11
257,Bengkulu,27,ID,1600301011,84,-3.8,102.27,23.98,1.69
258,Portland,90,US,1600300943,64,45.52,-122.68,22.0,2.6
259,Camacha,40,PT,1600301151,60,33.08,-16.33,21.0,3.6
260,Puerto Madero,75,MX,1600301152,74,14.72,-92.42,29.0,4.1
261,Loncoche,90,CL,1600301152,87,-39.37,-72.63,11.0,3.6
262,Kristiansund,76,NO,1600301015,70,63.11,7.73,8.0,2.6
263,Maxixe,0,MZ,1600301152,92,-23.86,35.35,21.62,3.71
264,Nizhneudinsk,20,RU,1600301152,86,54.91,99.03,7.82,1.77
265,Berlevåg,68,NO,1600301152,70,70.86,29.09,7.06,5.42
266,Lompoc,1,US,1600300977,72,34.64,-120.46,23.89,7.2
267,San Jose,75,US,1600300931,47,37.34,-121.89,28.33,5.1
268,Hirara,40,JP,1600301152,83,24.8,125.28,29.0,4.1
269,Soure,26,BR,1600301152,81,-0.72,-48.52,27.11,7.14
270,São Fidélis,17,BR,1600301153,83,-21.65,-41.75,20.58,1.46
271,Talnakh,13,RU,1600301153,62,69.49,88.4,11.0,8.0
272,Kahului,40,US,1600301153,49,20.89,-156.47,32.0,9.8
273,Bud,1,US,1600301153,64,39.45,-86.18,20.0,0.98
274,Natchez,90,US,1600301153,66,31.56,-91.4,29.0,3.6
275,Denpasar,20,ID,1600300873,100,-8.65,115.22,25.0,1.5
276,Moyeuvre-Grande,78,FR,1600301153,73,49.25,6.05,20.56,1.34
277,Poum,28,NC,1600301153,77,-20.23,164.02,22.99,4.08
278,Porgera,41,PG,1600301154,78,-5.47,143.2,12.2,1.83
279,Souillac,75,MU,1600301155,93,-20.52,57.52,18.0,3.1
280,Bahía Blanca,18,AR,1600301155,66,-38.72,-62.27,11.66,0.43
281,Batī,0,ET,1600301155,52,11.18,40.02,20.91,1.89
282,Kumul,0,CN,1600301155,30,42.8,93.45,16.62,1.18
283,Haines Junction,83,CA,1600301155,38,60.75,-137.51,13.4,0.34
284,Camacupa,0,AO,1600301155,71,-12.02,17.48,16.54,0.15
285,Shebunino,100,RU,1600301155,93,46.43,141.86,18.45,2.73
286,Jodhpur,17,IN,1600301156,68,26.29,73.03,30.12,3.92
287,Rutana Province,51,BI,1600301156,65,-3.87,30.1,16.76,1.57
288,Ballina,0,AU,1600301156,60,-28.87,153.57,22.78,1.0
289,Upata,80,VE,1600301156,95,8.01,-62.4,22.5,1.61
290,Tocopilla,18,CL,1600301156,60,-22.09,-70.2,15.94,4.74
291,Wuda,37,CN,1600301156,35,39.5,106.71,14.76,2.45
292,Kalianget,5,ID,1600301156,69,-7.05,113.93,27.49,4.96
293,Aksarka,100,RU,1600301157,93,66.56,67.8,8.29,7.41
294,Changying,100,CN,1600301157,94,52.87,123.32,7.31,2.01
295,Korla,0,CN,1600301157,77,41.76,86.15,20.0,3.52
296,Beldānga,100,IN,1600301157,92,23.93,88.25,26.66,2.91
297,Kargil,0,IN,1600301157,57,34.57,76.1,7.77,2.04
298,Yinchuan,69,CN,1600301157,32,38.47,106.27,16.32,1.43
299,Vila,6,PT,1600301157,78,42.03,-8.16,17.78,0.45
300,Gerāsh,65,IR,1600301157,33,27.67,54.14,23.44,1.2
301,Goderich,31,CA,1600301011,78,43.75,-81.72,22.22,7.67
302,Feicheng,100,CN,1600301158,54,35.26,117.97,20.52,1.37
303,Parkersburg,1,US,1600301158,69,39.27,-81.56,23.0,2.1
304,Campo Grande,16,BR,1600301158,30,-20.44,-54.65,29.0,2.6
305,Thompson,40,CA,1600301069,38,55.74,-97.86,6.0,7.2
306,Kudahuvadhoo,91,MV,1600301158,77,2.67,72.89,27.82,5.05
307,Atambua,89,ID,1600301158,48,-9.11,124.89,27.81,0.41
308,Stonehaven,75,GB,1600301158,87,56.96,-2.21,7.22,1.5
309,Srednekolymsk,99,RU,1600301159,78,67.45,153.68,5.17,3.35
310,Mitsamiouli,28,KM,1600301159,79,-11.38,43.28,24.43,3.24
311,Cockburn Town,4,TC,1600301159,75,21.46,-71.14,28.98,5.4
312,Spearfish,1,US,1600301159,59,44.49,-103.86,17.22,4.1
313,Acapulco de Juárez,90,MX,1600301135,83,16.86,-99.89,28.0,2.1
314,Brae,75,GB,1600301159,76,60.4,-1.35,10.0,3.1
315,Maracaçumé,23,BR,1600301159,79,-2.04,-45.96,24.7,2.24
316,Tāybād,0,IR,1600301160,36,34.74,60.78,16.66,5.34
317,Krasnosel'kup,93,RU,1600301160,74,65.7,82.47,10.72,8.21
318,Pevek,74,RU,1600301122,92,69.7,170.31,2.88,6.46
319,Bāfq,0,IR,1600301160,29,31.61,55.41,16.68,1.06
320,Yulara,85,AU,1600300886,26,-25.24,130.99,21.0,6.2
321,Natal,40,BR,1600300973,83,-5.79,-35.21,24.0,4.6
322,Westport,20,US,1600301130,60,41.14,-73.36,21.0,5.7
323,La Cruz,91,MX,1600301160,73,23.92,-106.9,30.08,2.77
324,Ibrā’,0,OM,1600301160,66,22.69,58.53,24.4,0.98
325,Tumaco,32,CO,1600301161,87,1.8,-78.82,24.33,5.07
326,Nouadhibou,0,MR,1600301161,74,20.93,-17.03,26.0,5.1
327,Antalaha,28,MG,1600301161,84,-14.9,50.28,19.23,2.8
328,Loukhi,100,RU,1600301161,89,66.08,33.04,6.59,5.09
329,Pacanga,78,PE,1600301161,75,-7.17,-79.5,17.54,3.96
330,Lüderitz,0,NA,1600301161,62,-26.65,15.16,13.4,6.77
331,Hwange,68,ZW,1600301161,32,-18.37,26.5,21.42,0.54
332,Beisfjord,92,NO,1600301162,93,68.38,17.6,2.0,4.1
333,Madanapalle,88,IN,1600301046,86,13.55,78.5,21.5,4.15
334,Lorengau,96,PG,1600301162,77,-2.02,147.27,29.33,5.97
335,Benidorm,91,ES,1600300953,53,38.54,-0.13,23.33,1.47
336,Upernavik,100,GL,1600301162,88,72.79,-56.15,-0.24,0.76
337,Arrondissement du Havre,9,FR,1600301162,88,49.58,0.33,18.0,7.2
338,Riyadh,0,SA,1600301119,21,24.69,46.72,29.0,1.08
339,Harper,92,LR,1600301162,89,4.38,-7.72,24.05,5.73
340,Malokaterynivka,0,UA,1600301162,62,47.65,35.25,15.0,2.0
341,Takoradze,92,GH,1600301162,89,4.88,-1.76,23.92,5.64
342,Port Blair,100,IN,1600301163,78,11.67,92.75,27.77,7.44
343,Hailey,5,US,1600301163,17,43.52,-114.32,28.0,4.1
344,Yakeshi,100,CN,1600301163,91,49.28,120.73,9.69,3.21
345,Mathbaria,96,BD,1600301163,91,22.29,89.96,26.89,0.55
346,Lyngseidet,40,NO,1600301163,80,69.58,20.22,5.0,4.1
347,Bollnäs,15,SE,1600301163,71,61.35,16.39,7.78,2.68
348,Wembley,75,AU,1600301163,71,-31.93,115.8,13.89,6.2
349,Centralina,0,BR,1600301164,33,-18.58,-49.2,26.07,3.32
350,Ifo,75,NG,1600301164,94,6.81,3.2,24.0,1.5
351,Bitung,40,ID,1600301135,78,1.45,125.18,26.0,0.5
352,Almaznyy,0,RU,1600301164,46,48.04,40.05,12.0,3.0
353,Kyabé,31,TD,1600301164,92,9.45,18.94,23.04,1.21
354,Beringovskiy,100,RU,1600301164,84,63.05,179.32,7.75,5.51
355,Danjiangkou,100,CN,1600301165,60,32.54,111.51,21.7,4.11
356,Yazd,0,IR,1600301165,25,31.9,54.37,19.0,0.81
357,Beli Potok,84,RS,1600301165,68,44.71,20.52,18.0,1.0
358,Nome,90,US,1600301165,87,64.5,-165.41,9.44,7.2
359,Klyuchi,98,RU,1600301165,42,52.27,79.17,12.04,4.8
360,Melito di Porto Salvo,90,IT,1600301165,69,37.92,15.77,23.0,8.2
361,Antsohihy,0,MG,1600301165,79,-14.88,47.99,17.4,1.72
362,Russell,90,US,1600301165,88,32.35,-85.2,21.0,5.1
363,Waingapu,70,ID,1600301166,66,-9.66,120.26,26.93,3.07
364,Ust-Tsilma,87,RU,1600301166,90,65.44,52.15,4.05,2.63
365,Wau,73,SS,1600301166,92,7.7,28.0,21.74,0.68
366,Dongsheng,3,CN,1600301165,45,39.82,109.98,11.31,5.0
367,Kidal,13,ML,1600301166,32,18.44,1.41,32.75,1.44
368,Pacific Grove,1,US,1600300970,69,36.62,-121.92,23.89,3.6
369,Uinskoye,100,RU,1600301166,91,56.88,56.58,9.19,6.83
370,Rawson,99,AR,1600301166,48,-43.3,-65.1,15.47,8.95
371,Itoman,75,JP,1600301167,79,26.12,127.67,30.0,6.2
372,Florø,63,NO,1600301167,81,61.6,5.03,8.0,3.1
373,Kloulklubed,90,PW,1600301167,88,7.04,134.26,26.0,4.1
374,Solnechnyy,100,RU,1600301167,93,50.72,136.63,12.57,1.99
375,Grindavik,75,IS,1600301167,100,63.84,-22.43,9.0,5.7
376,Usinsk,94,RU,1600301167,92,65.99,57.53,3.97,6.43
377,Burns Lake,0,CA,1600301167,43,54.23,-125.75,21.03,1.61
378,Meadow Lake,40,US,1600300954,11,34.8,-106.54,29.0,4.6
379,Hammerfest,75,NO,1600301168,81,70.66,23.68,6.0,6.7
380,Bubaque,56,GW,1600301168,86,11.28,-15.83,26.77,5.49
381,Kamsack,1,CA,1600301168,21,51.57,-101.9,11.0,4.1
382,Lata,67,PT,1600301168,84,40.16,-8.33,17.22,1.1
383,Corn Island,97,NI,1600301168,76,12.17,-83.04,29.21,3.81
384,Nan,37,TH,1600301168,91,18.83,100.67,23.44,0.3
385,St. George's,20,GD,1600300879,79,12.06,-61.75,29.0,4.1
386,Bilma,39,NE,1600301168,26,18.69,12.92,33.64,3.56
387,Cody,1,US,1600301169,37,44.53,-109.06,22.22,4.1
388,Nador,62,MA,1600301169,83,35.17,-2.93,24.0,0.21
389,Veshenskaya,9,RU,1600301169,61,49.63,41.73,9.57,0.65
390,Lucea,20,JM,1600301169,62,18.45,-78.17,29.0,2.6
391,Bonoua,75,CI,1600301170,88,5.27,-3.6,25.0,4.6
392,São Miguel,20,BR,1600301170,83,-5.47,-35.37,24.0,2.1
393,Kaeo,5,NZ,1600301170,60,-35.1,173.78,17.77,3.65
394,Hualmay,12,PE,1600301171,82,-11.1,-77.61,15.9,4.39
395,Sissach,15,CH,1600301171,80,47.46,7.81,17.22,0.75
396,Flin Flon,75,CA,1600301171,36,54.77,-101.86,7.0,4.1
397,Pangnirtung,15,CA,1600301171,86,66.15,-65.71,0.52,1.64
398,Cayenne,100,GF,1600301171,100,4.93,-52.33,24.0,5.48
399,Nemuro,75,JP,1600300999,100,43.32,145.57,18.0,2.6
400,Koumac,26,NC,1600301171,68,-20.57,164.28,24.19,2.97
401,Maués,78,BR,1600301171,56,-3.38,-57.72,29.21,0.56
402,Saint-François,35,FR,1600301171,68,46.42,3.91,18.89,3.1
403,El Batey,40,DO,1600301172,79,19.77,-70.52,29.0,4.68
404,Geraldton,0,AU,1600301172,62,-28.77,114.6,13.0,7.7
405,Owando,95,CG,1600301172,96,-0.48,15.9,22.28,0.98
406,Arrondissement de Foix,23,FR,1600301172,66,42.83,1.58,19.44,1.34
407,Omsukchan,99,RU,1600301172,75,62.53,155.8,3.76,2.96
408,Galle,56,LK,1600301172,85,6.04,80.22,26.44,5.19
409,Ural,93,RU,1600301173,74,55.91,94.75,10.49,1.23
410,Kalmunai,92,LK,1600301173,77,7.42,81.82,26.15,3.32
411,Sheridan,1,US,1600301081,40,44.83,-106.92,23.33,3.1
412,Kouango,7,CF,1600301173,91,4.99,19.96,21.97,1.18
413,Ostrołęka,91,PL,1600301173,82,53.09,21.58,19.44,2.1
414,Wanning,81,CN,1600301173,88,18.8,110.4,27.33,3.98
415,San Andrés,75,CO,1600301173,78,12.58,-81.7,28.0,2.6
416,Ust'-Uda,39,RU,1600301173,84,54.17,103.03,7.49,1.04
417,Rusera,92,IN,1600301173,83,25.75,86.03,27.45,1.65
418,Ilebo,73,CD,1600301174,88,-4.32,20.58,23.06,0.27
419,Moose Factory,75,CA,1600301174,52,51.26,-80.61,5.0,6.2
420,Calderitas,40,MX,1600301174,62,18.55,-88.25,32.0,5.1
421,Zyryanka,99,RU,1600301174,67,65.75,150.85,6.56,3.61
422,Anaconda,1,US,1600301174,10,46.13,-112.94,27.0,3.6
423,Vaitape,2,PF,1600301174,75,-16.52,-151.75,26.48,7.32
424,Noshiro,75,JP,1600301174,100,40.2,140.02,19.0,1.0
425,Kosh-Agach,99,RU,1600301175,74,50.0,88.67,3.95,0.78
426,Esim,96,GH,1600301176,89,4.87,-2.24,23.94,5.55
427,Cap Malheureux,86,MU,1600301176,80,-19.98,57.61,18.89,2.68
428,Brooks,2,CA,1600301176,52,50.58,-111.89,18.33,1.48
429,Arrondissement de Vire,20,FR,1600301176,88,48.92,-0.83,18.0,2.6
430,Panzhihua,81,CN,1600301176,82,26.59,101.71,19.44,0.07
431,Fort Saint James,0,CA,1600301176,49,54.43,-124.25,20.69,1.65
432,Corrente,43,BR,1600301176,69,-3.74,-43.34,25.36,1.99
433,Villa Zempoala,75,MX,1600301177,66,19.45,-96.42,31.0,2.1
434,Morro Bay,7,US,1600301177,23,35.37,-120.85,31.67,1.79
435,Dawson Creek,1,CA,1600301177,45,55.77,-120.24,19.0,4.1
436,Morondava,54,MG,1600301177,77,-20.28,44.28,24.85,4.03
437,Vicksburg,90,US,1600300962,74,32.35,-90.88,29.0,4.1
438,Askino,100,RU,1600301177,92,56.09,56.58,9.45,6.88
439,Angoche,0,MZ,1600301177,84,-16.23,39.91,22.45,4.23
440,Young,5,UY,1600301177,68,-32.68,-57.63,15.56,1.82
441,Kangaatsiaq,100,GL,1600301177,77,68.31,-53.46,3.76,10.04
442,Lavrentiya,100,RU,1600301178,89,65.58,-171.0,6.97,3.37
443,Clarence Town,0,AU,1600301178,49,-32.58,151.78,25.0,5.7
444,Mount Gambier,90,AU,1600301178,93,-37.83,140.77,11.0,6.2
445,Sendhwa,100,IN,1600300944,94,21.68,75.1,24.04,2.47
446,Bambous Virieux,75,MU,1600301178,93,-20.34,57.76,18.89,3.1
447,Koslan,6,RU,1600301178,94,63.46,48.9,1.62,1.86
448,Hibbing,1,US,1600301178,50,47.43,-92.94,12.0,5.7
449,Bac Lieu,92,VN,1600301178,82,9.29,105.72,27.16,5.48
450,Pachino,100,IT,1600301178,81,36.72,15.09,20.0,8.09
451,Aasiaat,100,GL,1600301179,88,68.71,-52.87,2.5,9.91
452,Sonoita,0,MX,1600301179,9,31.85,-112.83,40.0,4.55
453,La Chapelle-sur-Erdre,7,FR,1600301179,82,47.3,-1.55,20.0,3.1
454,Nha Trang,75,VN,1600301024,83,12.25,109.18,29.0,2.77
455,Masterton,100,NZ,1600301179,78,-40.96,175.66,14.44,3.13
456,Ahtopol,20,BG,1600301179,93,42.1,27.95,19.44,2.6
457,Ngaoundéré,99,CM,1600301179,98,7.32,13.58,17.81,1.04
458,Samaná,40,DO,1600301180,78,19.21,-69.34,28.0,3.74
459,Severodvinsk,75,RU,1600301180,93,64.56,39.83,5.0,2.0
460,Hellvik,74,NO,1600301180,78,59.92,5.78,8.89,0.89
461,Naustdal,71,NO,1600301180,81,61.51,5.72,8.0,3.1
462,Yar-Sale,92,RU,1600301180,88,66.83,70.83,7.41,4.86
463,Nishihara,40,JP,1600301180,88,26.18,127.76,30.0,5.1
464,Zhangaözen,9,KZ,1600301181,56,43.3,52.8,12.79,3.3
465,Mafeteng,0,LS,1600301181,50,-29.82,27.24,5.85,0.29
466,Polovinnoye,100,RU,1600301181,92,54.79,65.99,7.88,6.94
467,Hobyo,10,SO,1600301181,86,5.35,48.53,25.07,10.22
468,Chupaca,61,PE,1600301181,51,-12.07,-75.28,14.34,2.23
469,Van,20,TR,1600301181,50,38.49,43.38,13.0,1.5
470,Laguna,1,US,1600301181,22,38.42,-121.42,34.44,2.6
471,Guanay,57,BO,1600301182,56,-15.5,-67.88,24.76,0.72
472,Pidigan,75,PH,1600301182,94,17.57,120.59,27.0,1.0
473,Dilla,89,ET,1600301182,75,6.41,38.31,17.06,1.79
474,Kultuk,0,RU,1600301182,65,51.72,103.7,8.19,1.91
475,Clyde River,20,CA,1600301182,93,70.47,-68.59,0.0,2.6
476,Āsosa,99,ET,1600301182,99,10.07,34.53,16.72,0.4
477,Praia da Vitória,75,PT,1600301182,93,38.73,-27.07,18.0,7.89
478,Bainbridge Island,90,US,1600301041,68,47.63,-122.52,23.33,2.1
479,Gambēla,98,ET,1600301182,64,8.25,34.58,23.45,1.19
480,Sainte-Maxime,17,FR,1600301183,72,43.3,6.63,20.56,1.0
481,Mwinilunga,41,ZM,1600301183,89,-11.74,24.43,15.6,0.84
482,Tanhaçu,65,BR,1600301183,67,-14.02,-41.25,22.02,3.73
483,Iquitos,48,PE,1600301183,78,-3.75,-73.25,28.0,2.1
484,Muros,33,ES,1600301183,90,42.78,-9.06,17.22,1.78
485,Inhambane,0,MZ,1600301183,91,-23.86,35.38,21.99,4.13
486,Dudinka,2,RU,1600301183,62,69.41,86.18,11.0,8.0
487,Kruisfontein,39,ZA,1600301183,68,-34.0,24.73,13.89,0.89
488,At-Bashi,13,KG,1600301184,53,41.17,75.81,8.51,0.99
489,Kailua,40,US,1600301184,58,21.4,-157.74,32.0,4.6
490,Miandrivazo,93,MG,1600301184,66,-19.52,45.47,24.81,0.51
491,Chagoda,100,RU,1600301184,92,59.16,35.33,12.67,4.82
492,Chase,0,CA,1600301184,56,50.82,-119.69,24.44,1.45
493,Sobolevo,100,RU,1600301184,84,54.43,31.9,15.65,6.25
494,Banda Aceh,100,ID,1600301184,75,5.56,95.32,26.12,5.82
495,Vao,53,NC,1600301167,82,-22.67,167.48,20.68,10.31
496,Mananjary,1,MG,1600301185,80,-21.22,48.33,17.97,3.3
497,Cabo San Lucas,20,MX,1600301148,62,22.89,-109.91,31.67,2.6
498,Ampanihy,0,MG,1600301185,86,-24.7,44.75,18.43,1.87
499,Mālpura,0,IN,1600301185,55,26.28,75.38,29.09,3.52
500,Mae Hong Son,76,TH,1600301185,88,19.3,97.97,24.23,0.27
501,Hay River,75,CA,1600301185,66,60.82,-115.8,9.0,4.1
502,Minden,75,DE,1600301185,76,52.28,8.92,14.0,3.6
503,Halifax,75,CA,1600300901,71,44.65,-63.57,15.0,7.7
504,Vila Franca do Campo,20,PT,1600301185,77,37.72,-25.43,18.0,4.6
505,Miramar,1,US,1600301186,70,25.99,-80.23,30.0,4.6
506,Dunedin,100,NZ,1600301186,52,-45.87,170.5,14.22,8.26
507,Bay Roberts,0,CA,1600301186,59,47.6,-53.26,10.0,4.47
508,Murgab,0,TM,1600301186,45,37.5,61.97,20.0,2.1
509,Caravelas,4,BR,1600301186,76,-17.71,-39.25,21.12,2.53
510,Nantucket,1,US,1600301186,77,41.28,-70.1,18.0,5.1
511,Bonthe,60,SL,1600301186,90,7.53,-12.51,24.63,3.03
512,Anadyr,40,RU,1600301045,75,64.75,177.48,8.0,3.0
513,Dutlwe,8,BW,1600301187,27,-23.98,23.9,15.14,5.12
514,Sur,76,OM,1600301187,66,22.57,59.53,27.43,1.32
515,Mbanza-Ngungu,40,CD,1600301187,79,-5.25,14.87,22.45,4.37
516,Purwakarta,20,ID,1600300923,83,-6.56,107.44,24.0,1.5
517,Mabiton,100,PH,1600301187,83,12.83,123.26,27.19,7.05
518,Aksu,0,CN,1600301187,35,41.12,80.26,17.01,0.42
519,Köping,1,SE,1600301187,57,59.51,15.99,10.0,6.2
520,Pinotepa Nacional,100,MX,1600301187,86,16.32,-98.02,25.96,1.1
521,Ippy,42,CF,1600301188,96,6.27,21.22,21.01,0.66
522,Tambura,71,SS,1600301188,96,5.6,27.47,20.26,0.44
523,Okhotsk,0,RU,1600301188,58,59.38,143.3,11.28,8.1
524,Senanga,8,ZM,1600301188,39,-16.12,23.27,21.72,1.2
525,Korop,82,UA,1600301188,69,51.57,32.96,14.82,3.9
526,Pontes e Lacerda,3,BR,1600301188,26,-15.23,-59.34,27.76,1.05
527,Buala,94,SB,1600301188,76,-8.14,159.59,29.24,6.88
528,Lermontovka,100,RU,1600301189,94,47.15,134.34,15.05,2.35
529,Alghero,0,IT,1600301189,100,40.56,8.32,19.0,0.5
530,Nizhniy Baskunchak,0,RU,1600301189,55,48.22,46.83,11.04,3.14
531,Ndélé,65,CF,1600301189,95,8.41,20.65,21.81,0.64
532,Adrar,0,MR,1600301189,13,20.5,-10.07,36.1,2.91
533,Zacualtipán,100,MX,1600301189,97,20.65,-98.6,17.2,1.19
534,Cabatuan,100,PH,1600301189,91,10.88,122.49,24.9,2.91
535,Cidreira,100,BR,1600301190,93,-30.18,-50.21,16.81,1.9
536,Todos Santos,94,MX,1600301190,76,23.45,-110.22,28.89,1.79
537,Kutum,27,SD,1600301190,41,14.2,24.67,25.6,2.12
538,Tiznit Province,100,MA,1600301190,34,29.58,-9.5,27.5,2.66
539,Beaverlodge,40,CA,1600301190,40,55.22,-119.44,20.0,5.1
540,Yerbogachën,0,RU,1600301190,72,61.28,108.01,8.08,0.81
541,Taksimo,71,RU,1600301190,74,56.34,114.88,8.72,0.8
542,Touros,20,BR,1600301190,83,-5.2,-35.46,24.0,2.1
543,Vicuña,0,CL,1600301191,82,-30.03,-70.71,13.0,3.6
544,Laas,5,IT,1600301191,87,46.62,10.7,15.0,1.5
545,Petropavlovsk-Kamchatskiy,42,RU,1600301191,59,53.05,158.65,16.0,4.0
546,Grand-Lahou,99,CI,1600301191,92,5.14,-5.02,23.63,5.38
547,Opuwo,0,NA,1600301191,40,-18.06,13.84,11.71,0.62
548,Ouadda,94,CF,1600301191,91,8.08,22.4,20.57,1.15
549,Vardø,68,NO,1600301191,81,70.37,31.11,7.62,6.99
550,Skjervøy,93,NO,1600301192,67,70.03,20.97,8.39,8.71
551,Amuntai,71,ID,1600300971,67,-2.42,115.25,26.99,0.9
552,Bāndarban,97,BD,1600301192,95,22.2,92.23,24.36,1.0
553,Peniche,82,PT,1600301192,87,39.36,-9.38,18.89,0.92
554,Togul,100,RU,1600301192,66,53.47,85.91,13.92,3.95
555,Angoram,92,PG,1600301192,89,-4.06,144.07,27.53,1.02
556,Los Llanos de Aridane,96,ES,1600301192,83,28.66,-17.92,24.0,5.1
557,Hayden,1,US,1600301192,36,47.77,-116.79,26.67,4.1
558,‘Ewa Beach,1,US,1600301193,58,21.32,-158.01,32.0,5.1
559,Khovd,0,MN,1600301193,50,48.01,91.64,9.38,0.83
560,Yatou,97,CN,1600301193,63,37.15,122.38,18.76,2.74
